# mciId	classification	module — exported by B for C-006. B's own run output; row ownership may differ.
ActionListType::1	SUCCESS	plugins/network-elements/tungsten
AddressType::1	SUCCESS	plugins/network-elements/tungsten
CloseableHttpClient::3	FAILED_BEHAVIORAL_EQUIVALENCE	utils
DiskProfile::1	SUCCESS	server
DomainBlockJobInfo::1	SUCCESS	plugins/hypervisors/kvm
HttpClient::1	SUCCESS	plugins/network-elements/stratosphere-ssp
HttpEntity::1	SUCCESS	plugins/user-authenticators/oauth2
HttpEntity::3	SUCCESS	plugins/network-elements/tungsten
HttpEntity::4	SUCCESS	plugins/integrations/cloudian
HttpResponse::1	SUCCESS	plugins/integrations/cloudian
HttpServletRequest::1	SUCCESS	plugins/integrations/veeam-control-service
HttpServletRequest::2	SUCCESS	plugins/integrations/veeam-control-service
HttpServletResponse::1	SUCCESS	plugins/integrations/veeam-control-service
HttpSession::1	SUCCESS	server
InstanceIp::1	SUCCESS	plugins/network-elements/tungsten
JsonNode::1	SUCCESS	server
LibvirtException::1	SUCCESS	plugins/hypervisors/kvm
LibvirtException::2	SUCCESS	plugins/hypervisors/kvm
LogicalRouter::1	SUCCESS	plugins/network-elements/tungsten
LogicalRouter::2	SUCCESS	plugins/network-elements/tungsten
MimeMessage::1	SUCCESS	utils
Output::1	SUCCESS	plugins/network-elements/brocade-vcs
PBD::1	SUCCESS	plugins/hypervisors/xenserver
PolicyEntriesType::1	SUCCESS	plugins/network-elements/tungsten
PortType::1	SUCCESS	plugins/network-elements/tungsten
PrepareExtensionPathCommand::1	SUCCESS	framework/extensions
Rados::1	SUCCESS	plugins/hypervisors/kvm
ServiceGroup::1	SUCCESS	plugins/network-elements/tungsten
ServiceGroup::2	SUCCESS	plugins/network-elements/tungsten
StoragePool::1	SUCCESS	plugins/hypervisors/kvm
Structure::1	ENVIRONMENT_NOT_READY	unknown
VcsNodeInfo::1	SUCCESS	plugins/network-elements/brocade-vcs
VcsNodes::1	SUCCESS	plugins/network-elements/brocade-vcs
VirtualMachineConfigSummary::1	ENVIRONMENT_NOT_READY	unknown
VirtualNetwork::1	SUCCESS	plugins/network-elements/tungsten
VirtualNetwork::2	SUCCESS	plugins/network-elements/tungsten
VirtualNetwork::3	SUCCESS	plugins/network-elements/tungsten
com.cloud.agent.api.Answer::1	SUCCESS	server
com.cloud.agent.api.Answer::2	ENVIRONMENT_NOT_READY	unknown
com.cloud.agent.api.Answer::3	SUCCESS	plugins/network-elements/tungsten
com.cloud.agent.api.Answer::4	SUCCESS	plugins/storage/volume/ontap
com.cloud.agent.api.Answer::5	SUCCESS	server
com.cloud.agent.api.ConfigureStaticNatRulesOnLogicalRouterCommand::1	SUCCESS	plugins/network-elements/nicira-nvp
com.cloud.agent.api.CreateLogicalSwitchAnswer::1	SUCCESS	plugins/network-elements/nicira-nvp
com.cloud.agent.api.CreateNetworkAnswer::1	SUCCESS	plugins/network-elements/brocade-vcs
com.cloud.agent.api.DisassociateMacFromNetworkAnswer::1	SUCCESS	plugins/network-elements/brocade-vcs
com.cloud.agent.api.FreezeThawVMAnswer::1	SUCCESS	plugins/storage/volume/ontap
com.cloud.agent.api.MigrateWithStorageAnswer::1	ENVIRONMENT_NOT_READY	unknown
com.cloud.agent.api.RevertToVMSnapshotAnswer::1	SUCCESS	engine/storage/snapshot
com.cloud.agent.api.StartCommand::1	ENVIRONMENT_NOT_READY	unknown
com.cloud.agent.api.StartCommand::2	SUCCESS	engine/orchestration
com.cloud.agent.api.UnprepareStorageClientCommand::1	SUCCESS	plugins/hypervisors/kvm
com.cloud.agent.api.VMSnapshotTO::1	SUCCESS	plugins/hypervisors/xenserver
com.cloud.agent.api.VMSnapshotTO::2	SUCCESS	engine/storage/snapshot
com.cloud.agent.api.VMSnapshotTO::3	SUCCESS	engine/storage/snapshot
com.cloud.agent.api.VMSnapshotTO::4	SUCCESS	plugins/hypervisors/kvm
com.cloud.agent.api.VMSnapshotTO::5	SUCCESS	plugins/hypervisors/kvm
com.cloud.agent.api.storage.RevertDiskOnlyVmSnapshotCommand::1	SUCCESS	plugins/hypervisors/kvm
com.cloud.agent.api.to.BucketTO::1	SUCCESS	plugins/storage/object/cloudian
com.cloud.agent.api.to.DataStoreTO::1	ENVIRONMENT_NOT_READY	unknown
com.cloud.agent.api.to.DataStoreTO::2	SUCCESS	plugins/hypervisors/xenserver
com.cloud.agent.api.to.DataTO::1	SUCCESS	plugins/hypervisors/xenserver
com.cloud.agent.api.to.DataTO::2	SUCCESS	plugins/storage/volume/scaleio
com.cloud.agent.api.to.DataTO::3	SUCCESS	plugins/storage/volume/scaleio
com.cloud.agent.api.to.DataTO::4	SUCCESS	plugins/storage/volume/scaleio
com.cloud.agent.api.to.LoadBalancerTO.AutoScalePolicyTO::1	SUCCESS	server
com.cloud.agent.api.to.LoadBalancerTO.AutoScalePolicyTO::2	SUCCESS	server
com.cloud.agent.api.to.LoadBalancerTO.AutoScalePolicyTO::3	SUCCESS	server
com.cloud.agent.api.to.LoadBalancerTO.AutoScaleVmGroupTO::1	SUCCESS	server
com.cloud.agent.api.to.LoadBalancerTO.AutoScaleVmGroupTO::2	SUCCESS	server
com.cloud.agent.api.to.LoadBalancerTO.AutoScaleVmGroupTO::3	SUCCESS	server
com.cloud.agent.api.to.LoadBalancerTO.AutoScaleVmGroupTO::4	SUCCESS	server
com.cloud.agent.api.to.LoadBalancerTO.AutoScaleVmProfileTO::1	SUCCESS	server
com.cloud.agent.api.to.LoadBalancerTO.CounterTO::1	FAILED_SYNTACTIC_VALIDITY	server
com.cloud.agent.api.to.LoadBalancerTO.CounterTO::2	SUCCESS	server
com.cloud.agent.api.to.LoadBalancerTO.CounterTO::3	SUCCESS	server
com.cloud.agent.api.to.LoadBalancerTO.CounterTO::4	SUCCESS	server
com.cloud.agent.api.to.LoadBalancerTO.CounterTO::5	SUCCESS	server
com.cloud.agent.api.to.LoadBalancerTO.CounterTO::6	SUCCESS	server
com.cloud.agent.api.to.NfsTO::1	ENVIRONMENT_NOT_READY	unknown
com.cloud.agent.api.to.StorageFilerTO::1	SUCCESS	plugins/hypervisors/xenserver
com.cloud.agent.api.to.StorageFilerTO::2	SUCCESS	plugins/hypervisors/xenserver
com.cloud.agent.api.to.StorageFilerTO::3	ENVIRONMENT_NOT_READY	unknown
com.cloud.agent.api.to.StorageFilerTO::4	ENVIRONMENT_NOT_READY	unknown
com.cloud.agent.api.to.StorageFilerTO::5	SUCCESS	plugins/hypervisors/kvm
com.cloud.agent.api.to.VirtualMachineTO::1	ENVIRONMENT_NOT_READY	unknown
com.cloud.agent.api.to.VirtualMachineTO::10	ENVIRONMENT_NOT_READY	unknown
com.cloud.agent.api.to.VirtualMachineTO::11	ENVIRONMENT_NOT_READY	unknown
com.cloud.agent.api.to.VirtualMachineTO::12	ENVIRONMENT_NOT_READY	unknown
com.cloud.agent.api.to.VirtualMachineTO::13	ENVIRONMENT_NOT_READY	unknown
com.cloud.agent.api.to.VirtualMachineTO::14	ENVIRONMENT_NOT_READY	unknown
com.cloud.agent.api.to.VirtualMachineTO::15	ENVIRONMENT_NOT_READY	unknown
com.cloud.agent.api.to.VirtualMachineTO::16	ENVIRONMENT_NOT_READY	unknown
com.cloud.agent.api.to.VirtualMachineTO::2	SUCCESS	plugins/hypervisors/xenserver
com.cloud.agent.api.to.VirtualMachineTO::3	SUCCESS	plugins/hypervisors/xenserver
com.cloud.agent.api.to.VirtualMachineTO::4	ENVIRONMENT_NOT_READY	unknown
com.cloud.agent.api.to.VirtualMachineTO::5	SUCCESS	engine/orchestration
com.cloud.agent.api.to.VirtualMachineTO::6	SUCCESS	engine/orchestration
com.cloud.agent.api.to.VirtualMachineTO::7	SUCCESS	engine/orchestration
com.cloud.agent.api.to.VirtualMachineTO::8	SUCCESS	engine/orchestration
com.cloud.agent.api.to.VirtualMachineTO::9	SUCCESS	engine/orchestration
com.cloud.agent.resource.virtualnetwork.VirtualRoutingResource::1	ENVIRONMENT_NOT_READY	unknown
com.cloud.agent.resource.virtualnetwork.VirtualRoutingResource::2	ENVIRONMENT_NOT_READY	unknown
com.cloud.agent.resource.virtualnetwork.VirtualRoutingResource::3	SUCCESS	plugins/hypervisors/xenserver
com.cloud.api.query.vo.AsyncJobJoinVO::1	SUCCESS	plugins/integrations/veeam-control-service
com.cloud.api.query.vo.DataCenterJoinVO::1	SUCCESS	plugins/integrations/veeam-control-service
com.cloud.api.query.vo.DataCenterJoinVO::2	SUCCESS	plugins/integrations/veeam-control-service
com.cloud.api.query.vo.DataCenterJoinVO::3	SUCCESS	plugins/integrations/veeam-control-service
com.cloud.api.query.vo.HostJoinVO::1	SUCCESS	plugins/integrations/veeam-control-service
com.cloud.api.query.vo.HostJoinVO::2	SUCCESS	plugins/integrations/veeam-control-service
com.cloud.api.query.vo.HostJoinVO::3	SUCCESS	server
com.cloud.api.query.vo.HostJoinVO::4	SUCCESS	server
com.cloud.api.query.vo.ImageStoreJoinVO::1	SUCCESS	plugins/integrations/veeam-control-service
com.cloud.dc.ASNumberVO::1	SUCCESS	server
com.cloud.dc.ClusterDetailsVO::1	SUCCESS	engine/orchestration
com.cloud.dc.ClusterDetailsVO::2	SUCCESS	server
com.cloud.dc.DataCenter::1	ENVIRONMENT_NOT_READY	unknown
com.cloud.dc.DataCenter::10	SUCCESS	engine/orchestration
com.cloud.dc.DataCenter::11	SUCCESS	engine/orchestration
com.cloud.dc.DataCenter::2	SUCCESS	server
com.cloud.dc.DataCenter::3	SUCCESS	server
com.cloud.dc.DataCenter::4	SUCCESS	server
com.cloud.dc.DataCenter::5	SUCCESS	plugins/network-elements/tungsten
com.cloud.dc.DataCenter::6	SUCCESS	plugins/network-elements/vxlan
com.cloud.dc.DataCenter::7	SUCCESS	plugins/network-elements/brocade-vcs
com.cloud.dc.DataCenter::8	SUCCESS	plugins/network-elements/nicira-nvp
com.cloud.dc.DataCenter::9	SUCCESS	api
com.cloud.dc.VlanVO::1	SUCCESS	plugins/network-elements/nicira-nvp
com.cloud.dc.VlanVO::2	ENVIRONMENT_NOT_READY	unknown
com.cloud.dc.VlanVO::3	SUCCESS	server
com.cloud.dc.VsphereStoragePolicyVO::1	SUCCESS	server
com.cloud.dc.dao.ClusterDao::1	SUCCESS	server
com.cloud.dc.dao.DataCenterIpAddressDao::1	SUCCESS	server
com.cloud.dc.dao.HostPodDao::1	SUCCESS	server
com.cloud.deploy.DeployDestination::1	SUCCESS	plugins/network-elements/nicira-nvp
com.cloud.deploy.DeployDestination::2	SUCCESS	plugins/network-elements/brocade-vcs
com.cloud.deploy.DeployDestination::3	SUCCESS	engine/orchestration
com.cloud.deploy.DeployDestination::4	SUCCESS	plugins/network-elements/tungsten
com.cloud.deploy.DeployDestination::5	SUCCESS	plugins/network-elements/tungsten
com.cloud.deploy.DeployDestination::6	SUCCESS	plugins/network-elements/nicira-nvp
com.cloud.deploy.DeploymentPlanner.ExcludeList::1	SUCCESS	server
com.cloud.domain.Domain::1	SUCCESS	server
com.cloud.domain.Domain::2	SUCCESS	server
com.cloud.domain.Domain::3	SUCCESS	plugins/user-authenticators/oauth2
com.cloud.domain.Domain::4	SUCCESS	api
com.cloud.domain.Domain::5	SUCCESS	plugins/network-elements/brocade-vcs
com.cloud.domain.Domain::6	ENVIRONMENT_NOT_READY	unknown
com.cloud.gpu.VgpuProfileVO::1	SUCCESS	server
com.cloud.host.Host::1	SUCCESS	engine/orchestration
com.cloud.host.Host::10	ENVIRONMENT_NOT_READY	unknown
com.cloud.host.Host::11	ENVIRONMENT_NOT_READY	unknown
com.cloud.host.Host::12	SUCCESS	server
com.cloud.host.Host::13	ENVIRONMENT_NOT_READY	unknown
com.cloud.host.Host::14	SUCCESS	framework/extensions
com.cloud.host.Host::15	SUCCESS	server
com.cloud.host.Host::2	SUCCESS	engine/orchestration
com.cloud.host.Host::3	MODEL_DECLINED	unknown
com.cloud.host.Host::4	SUCCESS	server
com.cloud.host.Host::5	SUCCESS	plugins/hypervisors/xenserver
com.cloud.host.Host::6	SUCCESS	plugins/hypervisors/xenserver
com.cloud.host.Host::7	SUCCESS	plugins/storage/volume/scaleio
com.cloud.host.Host::8	SUCCESS	server
com.cloud.host.Host::9	ENVIRONMENT_NOT_READY	unknown
com.cloud.host.dao.HostDao::1	SUCCESS	engine/storage/volume
com.cloud.host.dao.HostDao::2	SUCCESS	plugins/network-elements/brocade-vcs
com.cloud.host.dao.HostDao::3	SUCCESS	plugins/backup/nas
com.cloud.host.dao.HostDao::4	FAILED_SYNTACTIC_VALIDITY	server
com.cloud.host.dao.HostDao::5	SUCCESS	plugins/network-elements/tungsten
com.cloud.hypervisor.kvm.resource.LibvirtComputingResource::1	SUCCESS	plugins/hypervisors/kvm
com.cloud.hypervisor.kvm.resource.LibvirtComputingResource::2	SUCCESS	plugins/hypervisors/kvm
com.cloud.hypervisor.kvm.resource.LibvirtComputingResource::3	FAILED_BEHAVIORAL_EQUIVALENCE	plugins/hypervisors/kvm
com.cloud.hypervisor.kvm.resource.LibvirtComputingResource::4	SUCCESS	plugins/hypervisors/kvm
com.cloud.hypervisor.kvm.resource.LibvirtComputingResource::5	SUCCESS	plugins/hypervisors/kvm
com.cloud.hypervisor.kvm.resource.LibvirtVMDef::1	ENVIRONMENT_NOT_READY	unknown
com.cloud.hypervisor.kvm.storage.KVMPhysicalDisk::1	SUCCESS	plugins/hypervisors/kvm
com.cloud.hypervisor.kvm.storage.KVMPhysicalDisk::2	SUCCESS	plugins/hypervisors/kvm
com.cloud.hypervisor.kvm.storage.KVMPhysicalDisk::3	ENVIRONMENT_NOT_READY	unknown
com.cloud.hypervisor.kvm.storage.KVMPhysicalDisk::4	ENVIRONMENT_NOT_READY	unknown
com.cloud.hypervisor.kvm.storage.KVMPhysicalDisk::5	ENVIRONMENT_NOT_READY	unknown
com.cloud.hypervisor.kvm.storage.KVMPhysicalDisk::6	SUCCESS	plugins/hypervisors/kvm
com.cloud.hypervisor.kvm.storage.KVMPhysicalDisk::7	SUCCESS	plugins/hypervisors/kvm
com.cloud.hypervisor.kvm.storage.KVMStoragePool::1	SUCCESS	plugins/hypervisors/kvm
com.cloud.hypervisor.kvm.storage.KVMStoragePool::10	ENVIRONMENT_NOT_READY	unknown
com.cloud.hypervisor.kvm.storage.KVMStoragePool::11	ENVIRONMENT_NOT_READY	unknown
com.cloud.hypervisor.kvm.storage.KVMStoragePool::2	SUCCESS	plugins/hypervisors/kvm
com.cloud.hypervisor.kvm.storage.KVMStoragePool::3	SUCCESS	plugins/hypervisors/kvm
com.cloud.hypervisor.kvm.storage.KVMStoragePool::4	SUCCESS	plugins/hypervisors/kvm
com.cloud.hypervisor.kvm.storage.KVMStoragePool::5	SUCCESS	plugins/hypervisors/kvm
com.cloud.hypervisor.kvm.storage.KVMStoragePool::6	ENVIRONMENT_NOT_READY	unknown
com.cloud.hypervisor.kvm.storage.KVMStoragePool::7	ENVIRONMENT_NOT_READY	unknown
com.cloud.hypervisor.kvm.storage.KVMStoragePool::8	ENVIRONMENT_NOT_READY	unknown
com.cloud.hypervisor.kvm.storage.KVMStoragePool::9	ENVIRONMENT_NOT_READY	unknown
com.cloud.hypervisor.vmware.mo.DatastoreMO::1	ENVIRONMENT_NOT_READY	unknown
com.cloud.hypervisor.xenserver.resource.XsHost::1	SUCCESS	plugins/hypervisors/xenserver
com.cloud.hypervisor.xenserver.resource.XsHost::2	SUCCESS	plugins/hypervisors/xenserver
com.cloud.hypervisor.xenserver.resource.wrapper.xenbase.XenServerUtilitiesHelper::1	SUCCESS	plugins/hypervisors/xenserver
com.cloud.kubernetes.cluster.KubernetesClusterVmMapVO::1	SUCCESS	plugins/integrations/kubernetes-service
com.cloud.kubernetes.cluster.KubernetesClusterVmMapVO::2	SUCCESS	plugins/integrations/kubernetes-service
com.cloud.kubernetes.cluster.KubernetesClusterVmMapVO::3	SUCCESS	plugins/integrations/kubernetes-service
com.cloud.kubernetes.version.KubernetesSupportedVersion::1	SUCCESS	plugins/integrations/kubernetes-service
com.cloud.network.IpAddress::1	SUCCESS	server
com.cloud.network.IpAddress::2	ENVIRONMENT_NOT_READY	unknown
com.cloud.network.IpAddressManager::1	ENVIRONMENT_NOT_READY	unknown
com.cloud.network.Network.IpAddresses::1	SUCCESS	engine/orchestration
com.cloud.network.Network.IpAddresses::2	SUCCESS	engine/orchestration
com.cloud.network.Network::1	SUCCESS	server
com.cloud.network.Network::10	SUCCESS	plugins/network-elements/tungsten
com.cloud.network.Network::11	SUCCESS	server
com.cloud.network.Network::12	SUCCESS	plugins/network-elements/brocade-vcs
com.cloud.network.Network::13	SUCCESS	plugins/network-elements/nicira-nvp
com.cloud.network.Network::14	SUCCESS	server
com.cloud.network.Network::15	SUCCESS	api
com.cloud.network.Network::16	SUCCESS	api
com.cloud.network.Network::17	SUCCESS	server
com.cloud.network.Network::18	SUCCESS	server
com.cloud.network.Network::19	SUCCESS	server
com.cloud.network.Network::2	SUCCESS	server
com.cloud.network.Network::20	SUCCESS	engine/orchestration
com.cloud.network.Network::21	SUCCESS	engine/orchestration
com.cloud.network.Network::22	SUCCESS	engine/orchestration
com.cloud.network.Network::23	SUCCESS	plugins/network-elements/globodns
com.cloud.network.Network::24	ENVIRONMENT_NOT_READY	unknown
com.cloud.network.Network::25	ENVIRONMENT_NOT_READY	unknown
com.cloud.network.Network::26	SUCCESS	server
com.cloud.network.Network::27	SUCCESS	plugins/integrations/kubernetes-service
com.cloud.network.Network::28	SUCCESS	plugins/integrations/kubernetes-service
com.cloud.network.Network::29	ENVIRONMENT_NOT_READY	unknown
com.cloud.network.Network::3	SUCCESS	framework/extensions
com.cloud.network.Network::30	ENVIRONMENT_NOT_READY	unknown
com.cloud.network.Network::31	SUCCESS	server
com.cloud.network.Network::32	SUCCESS	api
com.cloud.network.Network::33	SUCCESS	api
com.cloud.network.Network::4	SUCCESS	server
com.cloud.network.Network::5	SUCCESS	plugins/network-elements/tungsten
com.cloud.network.Network::6	SUCCESS	plugins/network-elements/tungsten
com.cloud.network.Network::7	SUCCESS	plugins/network-elements/tungsten
com.cloud.network.Network::8	SUCCESS	plugins/network-elements/tungsten
com.cloud.network.Network::9	SUCCESS	plugins/network-elements/tungsten
com.cloud.network.NetworkModel::1	SUCCESS	plugins/network-elements/tungsten
com.cloud.network.NetworkModel::2	ENVIRONMENT_NOT_READY	unknown
com.cloud.network.NetworkModel::3	SUCCESS	plugins/network-elements/brocade-vcs
com.cloud.network.NetworkModel::4	SUCCESS	server
com.cloud.network.NetworkModel::5	SUCCESS	plugins/network-elements/brocade-vcs
com.cloud.network.RemoteAccessVpn::1	SUCCESS	server
com.cloud.network.SDNProviderNetworkRule::1	ENVIRONMENT_NOT_READY	unknown
com.cloud.network.VNF.VnfNic::1	SUCCESS	api
com.cloud.network.VNF.VnfNic::2	SUCCESS	api
com.cloud.network.VNF.VnfNic::3	SUCCESS	api
com.cloud.network.as.AutoScaleManager::1	SUCCESS	server
com.cloud.network.as.AutoScalePolicyVO::1	SUCCESS	server
com.cloud.network.as.AutoScaleVmProfile::1	SUCCESS	api
com.cloud.network.as.Counter::1	SUCCESS	server
com.cloud.network.dao.IPAddressDao::1	SUCCESS	plugins/network-elements/tungsten
com.cloud.network.dao.IPAddressDao::2	SUCCESS	server
com.cloud.network.dao.IPAddressVO::1	SUCCESS	engine/orchestration
com.cloud.network.dao.IPAddressVO::2	SUCCESS	server
com.cloud.network.dao.IPAddressVO::3	SUCCESS	plugins/network-elements/tungsten
com.cloud.network.dao.IPAddressVO::4	SUCCESS	plugins/network-elements/tungsten
com.cloud.network.dao.IPAddressVO::5	SUCCESS	plugins/network-elements/tungsten
com.cloud.network.dao.IPAddressVO::6	SUCCESS	plugins/network-elements/tungsten
com.cloud.network.dao.IPAddressVO::7	SUCCESS	server
com.cloud.network.dao.IPAddressVO::8	SUCCESS	server
com.cloud.network.dao.LoadBalancerVO::2	SUCCESS	server
com.cloud.network.dao.LoadBalancerVO::3	SUCCESS	server
com.cloud.network.dao.LoadBalancerVO::4	SUCCESS	server
com.cloud.network.dao.PhysicalNetworkDao::1	SUCCESS	server
com.cloud.network.dao.PhysicalNetworkDao::2	SUCCESS	plugins/network-elements/nicira-nvp
com.cloud.network.dao.PhysicalNetworkDao::3	ENVIRONMENT_NOT_READY	unknown
com.cloud.network.dao.PhysicalNetworkServiceProviderVO::1	SUCCESS	server
com.cloud.network.dao.PhysicalNetworkServiceProviderVO::2	SUCCESS	server
com.cloud.network.element.DhcpServiceProvider::1	SUCCESS	engine/orchestration
com.cloud.network.element.NetworkElement::1	SUCCESS	framework/extensions
com.cloud.network.element.Site2SiteVpnServiceProvider::1	SUCCESS	server
com.cloud.network.lb.LoadBalancingRule.LbStickinessPolicy::1	SUCCESS	plugins/network-elements/tungsten
com.cloud.network.netris.NetrisProvider::1	ENVIRONMENT_NOT_READY	unknown
com.cloud.network.nicira.ControlClusterStatus::1	SUCCESS	plugins/network-elements/nicira-nvp
com.cloud.network.nicira.LogicalRouterPort::1	SUCCESS	plugins/network-elements/nicira-nvp
com.cloud.network.nicira.LogicalSwitch::1	SUCCESS	plugins/network-elements/nicira-nvp
com.cloud.network.nicira.LogicalSwitchPort::1	SUCCESS	plugins/network-elements/nicira-nvp
com.cloud.network.nicira.NiciraNvpApi::1	FAILED_BEHAVIORAL_EQUIVALENCE	plugins/network-elements/nicira-nvp
com.cloud.network.nicira.NiciraNvpApi::2	SUCCESS	plugins/network-elements/nicira-nvp
com.cloud.network.router.VirtualRouter::1	SUCCESS	server
com.cloud.network.router.VirtualRouter::2	SUCCESS	server
com.cloud.network.rules.FirewallRule::1	SUCCESS	server
com.cloud.network.rules.FirewallRule::2	SUCCESS	server
com.cloud.network.rules.PortForwardingRule::1	SUCCESS	plugins/network-elements/tungsten
com.cloud.network.rules.PortForwardingRule::2	SUCCESS	server
com.cloud.network.security.SecurityRule::1	SUCCESS	plugins/network-elements/tungsten
com.cloud.network.security.SecurityRule::2	SUCCESS	plugins/network-elements/tungsten
com.cloud.network.vpc.NetworkACLItemVO::1	FAILED_BEHAVIORAL_EQUIVALENCE	server
com.cloud.network.vpc.NetworkACLItemVO::2	SUCCESS	server
com.cloud.network.vpc.NetworkACLItemVO::3	SUCCESS	server
com.cloud.network.vpc.NetworkACLItemVO::4	SUCCESS	server
com.cloud.network.vpc.NetworkACLItemVO::5	SUCCESS	server
com.cloud.network.vpc.NetworkACLVO::1	SUCCESS	server
com.cloud.network.vpc.Vpc::1	SUCCESS	api
com.cloud.network.vpc.Vpc::2	SUCCESS	server
com.cloud.network.vpc.Vpc::3	SUCCESS	server
com.cloud.network.vpc.Vpc::4	SUCCESS	framework/extensions
com.cloud.network.vpc.VpcVO::1	SUCCESS	server
com.cloud.network.vpc.VpcVO::2	ENVIRONMENT_NOT_READY	unknown
com.cloud.network.vpc.VpcVO::3	ENVIRONMENT_NOT_READY	unknown
com.cloud.network.vpc.VpcVO::4	SUCCESS	server
com.cloud.offering.ServiceOffering::1	SUCCESS	server
com.cloud.offering.ServiceOffering::2	SUCCESS	server
com.cloud.offering.ServiceOffering::3	SUCCESS	server
com.cloud.offerings.NetworkOfferingVO::1	SUCCESS	framework/quota
com.cloud.offerings.NetworkOfferingVO::2	SUCCESS	server
com.cloud.offerings.NetworkOfferingVO::3	SUCCESS	server
com.cloud.offerings.NetworkOfferingVO::4	SUCCESS	server
com.cloud.offerings.NetworkOfferingVO::5	SUCCESS	server
com.cloud.offerings.NetworkOfferingVO::6	ENVIRONMENT_NOT_READY	unknown
com.cloud.offerings.dao.NetworkOfferingServiceMapDao::1	SUCCESS	plugins/network-elements/nicira-nvp
com.cloud.org.Cluster::1	SUCCESS	engine/orchestration
com.cloud.org.Cluster::2	SUCCESS	framework/extensions
com.cloud.org.Cluster::3	SUCCESS	framework/extensions
com.cloud.projects.Project::1	SUCCESS	server
com.cloud.projects.Project::2	SUCCESS	api
com.cloud.projects.ProjectAccountVO::1	SUCCESS	plugins/acl/project-role-based
com.cloud.projects.ProjectService::1	SUCCESS	api
com.cloud.storage.GuestOSCategoryVO::1	SUCCESS	server
com.cloud.storage.StorageLayer::1	SUCCESS	unknown
com.cloud.storage.StorageLayer::2	ENVIRONMENT_NOT_READY	unknown
com.cloud.storage.StoragePoolTagVO::1	SUCCESS	server
com.cloud.storage.TemplateProfile::1	SUCCESS	server
com.cloud.storage.TemplateProfile::2	SUCCESS	server
com.cloud.storage.TemplateProfile::3	SUCCESS	server
com.cloud.storage.VMTemplateVO::1	ENVIRONMENT_NOT_READY	unknown
com.cloud.storage.VMTemplateVO::10	SUCCESS	server
com.cloud.storage.VMTemplateVO::11	SUCCESS	engine/orchestration
com.cloud.storage.VMTemplateVO::12	ENVIRONMENT_NOT_READY	unknown
com.cloud.storage.VMTemplateVO::13	ENVIRONMENT_NOT_READY	unknown
com.cloud.storage.VMTemplateVO::14	SUCCESS	server
com.cloud.storage.VMTemplateVO::15	SUCCESS	plugins/integrations/kubernetes-service
com.cloud.storage.VMTemplateVO::16	SUCCESS	framework/quota
com.cloud.storage.VMTemplateVO::17	SUCCESS	engine/schema
com.cloud.storage.VMTemplateVO::18	SUCCESS	engine/schema
com.cloud.storage.VMTemplateVO::19	SUCCESS	engine/schema
com.cloud.storage.VMTemplateVO::2	SUCCESS	server
com.cloud.storage.VMTemplateVO::3	SUCCESS	server
com.cloud.storage.VMTemplateVO::4	SUCCESS	server
com.cloud.storage.VMTemplateVO::5	SUCCESS	server
com.cloud.storage.VMTemplateVO::6	SUCCESS	server
com.cloud.storage.VMTemplateVO::7	SUCCESS	server
com.cloud.storage.VMTemplateVO::8	SUCCESS	server
com.cloud.storage.VMTemplateVO::9	SUCCESS	server
com.cloud.storage.VMTemplateZoneVO::1	ENVIRONMENT_NOT_READY	unknown
com.cloud.storage.VnfTemplateDetailVO::1	SUCCESS	server
com.cloud.storage.VolumeDetailVO::1	SUCCESS	server
com.cloud.storage.VolumeDetailVO::2	SUCCESS	server
com.cloud.storage.clvm.ClvmPoolManager::1	SUCCESS	engine/orchestration
com.cloud.storage.clvm.ClvmPoolManager::2	SUCCESS	engine/orchestration
com.cloud.storage.dao.DiskOfferingDao::1	SUCCESS	server
com.cloud.storage.dao.VMTemplateDao::1	SUCCESS	server
com.cloud.storage.dao.VolumeDao::1	SUCCESS	plugins/backup/nas
com.cloud.upgrade.SystemVmTemplateRegistration.MetadataTemplateDetails::1	ENVIRONMENT_NOT_READY	unknown
com.cloud.upgrade.SystemVmTemplateRegistration.MetadataTemplateDetails::2	ENVIRONMENT_NOT_READY	unknown
com.cloud.upgrade.SystemVmTemplateRegistration.MetadataTemplateDetails::3	ENVIRONMENT_NOT_READY	unknown
com.cloud.upgrade.SystemVmTemplateRegistration.MetadataTemplateDetails::4	ENVIRONMENT_NOT_READY	unknown
com.cloud.upgrade.SystemVmTemplateRegistration.MetadataTemplateDetails::5	ENVIRONMENT_NOT_READY	unknown
com.cloud.user.AccountVO::1	SUCCESS	server
com.cloud.user.AccountVO::10	SUCCESS	server
com.cloud.user.AccountVO::11	SUCCESS	server
com.cloud.user.AccountVO::12	SUCCESS	server
com.cloud.user.AccountVO::2	SUCCESS	plugins/database/quota
com.cloud.user.AccountVO::4	SUCCESS	engine/orchestration
com.cloud.user.AccountVO::5	SUCCESS	server
com.cloud.user.AccountVO::6	SUCCESS	server
com.cloud.user.AccountVO::7	SUCCESS	server
com.cloud.user.AccountVO::8	SUCCESS	server
com.cloud.user.AccountVO::9	SUCCESS	server
com.cloud.user.User::1	SUCCESS	engine/orchestration
com.cloud.user.User::2	SUCCESS	plugins/integrations/veeam-control-service
com.cloud.user.User::3	SUCCESS	server
com.cloud.user.User::4	SUCCESS	server
com.cloud.user.UserAccount::1	SUCCESS	plugins/user-authenticators/oauth2
com.cloud.user.UserAccount::2	SUCCESS	server
com.cloud.user.UserAccount::3	SUCCESS	server
com.cloud.user.UserAccount::4	SUCCESS	server
com.cloud.user.UserDataVO::1	SUCCESS	server
com.cloud.user.UserDataVO::2	SUCCESS	server
com.cloud.user.UserDataVO::3	SUCCESS	server
com.cloud.user.UserDataVO::4	SUCCESS	engine/userdata
com.cloud.user.UserVO::1	SUCCESS	server
com.cloud.user.UserVO::2	SUCCESS	server
com.cloud.user.UserVO::3	SUCCESS	server
com.cloud.user.UserVO::4	SUCCESS	plugins/user-authenticators/oauth2
com.cloud.user.UserVO::5	SUCCESS	server
com.cloud.user.dao.AccountDao::1	SUCCESS	engine/orchestration
com.cloud.user.dao.AccountDao::2	SUCCESS	server
com.cloud.user.dao.AccountDao::3	SUCCESS	plugins/storage/object/cloudian
com.cloud.utils.ExecutionResult::1	SUCCESS	plugins/hypervisors/xenserver
com.cloud.utils.db.Filter::1	SUCCESS	server
com.cloud.utils.db.GenericDaoBase<com.cloud.utils.db.DbTestVO, java.lang.Long>::1	ENVIRONMENT_NOT_READY	unknown
com.cloud.utils.db.GenericSearchBuilder<com.cloud.host.HostVO, java.lang.Long>::1	SUCCESS	engine/schema
com.cloud.utils.db.GenericSearchBuilder<com.cloud.network.as.AutoScalePolicyConditionMapVO, java.lang.Long>::1	SUCCESS	server
com.cloud.utils.db.SearchBuilder<com.cloud.storage.VolumeVO>::1	SUCCESS	engine/schema
com.cloud.utils.db.SearchBuilder<com.cloud.storage.VolumeVO>::2	SUCCESS	engine/schema
com.cloud.utils.db.SearchBuilder<com.cloud.storage.VolumeVO>::3	SUCCESS	server
com.cloud.utils.db.SearchBuilder<com.cloud.user.UserDataVO>::1	SUCCESS	server
com.cloud.utils.db.SearchBuilder<com.cloud.vm.VMInstanceDetailVO>::1	SUCCESS	engine/schema
com.cloud.utils.db.SearchCriteria<com.cloud.ha.HaWorkVO>::1	SUCCESS	server
com.cloud.utils.db.SearchCriteria<com.cloud.network.as.AutoScalePolicyVO>::1	SUCCESS	server
com.cloud.utils.db.SearchCriteria<com.cloud.storage.GuestOSCategoryVO>::1	SUCCESS	server
com.cloud.utils.db.SearchCriteria<com.cloud.user.UserDataVO>::1	SUCCESS	server
com.cloud.utils.fsm.StateMachine2.Transition<com.cloud.vm.VirtualMachine.State, com.cloud.vm.VirtualMachine.Event>::1	SUCCESS	plugins/network-elements/tungsten
com.cloud.utils.net.Ip::2	SUCCESS	engine/orchestration
com.cloud.utils.net.Ip::3	ENVIRONMENT_NOT_READY	unknown
com.cloud.utils.net.Ip::4	SUCCESS	server
com.cloud.utils.script.Script::1	ENVIRONMENT_NOT_READY	unknown
com.cloud.utils.script.Script::2	SUCCESS	plugins/hypervisors/kvm
com.cloud.vm.DiskProfile::1	ENVIRONMENT_NOT_READY	unknown
com.cloud.vm.DomainRouterVO::1	SUCCESS	server
com.cloud.vm.DomainRouterVO::2	SUCCESS	plugins/network-elements/elastic-loadbalancer
com.cloud.vm.DomainRouterVO::3	SUCCESS	plugins/network-elements/elastic-loadbalancer
com.cloud.vm.DomainRouterVO::4	SUCCESS	server
com.cloud.vm.DomainRouterVO::5	SUCCESS	server
com.cloud.vm.DomainRouterVO::6	SUCCESS	server
com.cloud.vm.ItWorkVO::1	SUCCESS	engine/orchestration
com.cloud.vm.NicVO::1	SUCCESS	server
com.cloud.vm.NicVO::10	SUCCESS	server
com.cloud.vm.NicVO::11	SUCCESS	plugins/network-elements/tungsten
com.cloud.vm.NicVO::12	SUCCESS	plugins/network-elements/tungsten
com.cloud.vm.NicVO::13	SUCCESS	engine/orchestration
com.cloud.vm.NicVO::14	SUCCESS	engine/orchestration
com.cloud.vm.NicVO::2	SUCCESS	server
com.cloud.vm.NicVO::3	SUCCESS	server
com.cloud.vm.NicVO::4	SUCCESS	plugins/integrations/veeam-control-service
com.cloud.vm.NicVO::5	SUCCESS	engine/orchestration
com.cloud.vm.NicVO::6	SUCCESS	server
com.cloud.vm.NicVO::7	SUCCESS	server
com.cloud.vm.NicVO::8	ENVIRONMENT_NOT_READY	unknown
com.cloud.vm.NicVO::9	SUCCESS	plugins/integrations/veeam-control-service
com.cloud.vm.ReservationContext::1	ENVIRONMENT_NOT_READY	unknown
com.cloud.vm.ReservationContext::2	SUCCESS	engine/orchestration
com.cloud.vm.ReservationContext::3	SUCCESS	plugins/network-elements/elastic-loadbalancer
com.cloud.vm.ReservationContext::4	SUCCESS	engine/orchestration
com.cloud.vm.ReservationContext::5	SUCCESS	plugins/network-elements/brocade-vcs
com.cloud.vm.ReservationContext::6	SUCCESS	plugins/network-elements/tungsten
com.cloud.vm.ReservationContext::7	SUCCESS	plugins/network-elements/tungsten
com.cloud.vm.ReservationContext::8	SUCCESS	plugins/network-elements/tungsten
com.cloud.vm.VMInstanceDetailVO::1	SUCCESS	server
com.cloud.vm.VMInstanceDetailVO::2	SUCCESS	server
com.cloud.vm.VMInstanceDetailVO::3	SUCCESS	engine/schema
com.cloud.vm.VMInstanceDetailVO::4	SUCCESS	plugins/backup/nas
com.cloud.vm.VirtualMachineGuru::1	SUCCESS	engine/orchestration
com.cloud.vm.VirtualMachineProfile::1	ENVIRONMENT_NOT_READY	unknown
com.cloud.vm.VirtualMachineProfile::10	SUCCESS	plugins/network-elements/elastic-loadbalancer
com.cloud.vm.VirtualMachineProfile::11	SUCCESS	plugins/affinity-group-processors/non-strict-host-affinity
com.cloud.vm.VirtualMachineProfile::2	SUCCESS	plugins/network-elements/brocade-vcs
com.cloud.vm.VirtualMachineProfile::3	SUCCESS	engine/orchestration
com.cloud.vm.VirtualMachineProfile::4	SUCCESS	engine/orchestration
com.cloud.vm.VirtualMachineProfile::5	ENVIRONMENT_NOT_READY	unknown
com.cloud.vm.VirtualMachineProfile::6	ENVIRONMENT_NOT_READY	unknown
com.cloud.vm.VirtualMachineProfile::7	SUCCESS	engine/orchestration
com.cloud.vm.VirtualMachineProfile::8	SUCCESS	plugins/network-elements/globodns
com.cloud.vm.dao.NicSecondaryIpDao::1	SUCCESS	server
com.cloud.vm.dao.UserVmDao::1	ENVIRONMENT_NOT_READY	unknown
com.cloud.vm.dao.UserVmDao::2	SUCCESS	server
com.cloud.vm.dao.UserVmDao::3	SUCCESS	server
com.cloud.vm.dao.VMInstanceDao::2	SUCCESS	server
com.cloud.vm.dao.VMInstanceDao::3	FAILED_SYNTACTIC_VALIDITY	server
com.cloud.vm.dao.VMInstanceDao::4	SUCCESS	plugins/affinity-group-processors/non-strict-host-affinity
com.cloud.vm.snapshot.VMSnapshot::1	SUCCESS	engine/storage/snapshot
com.cloud.vm.snapshot.VMSnapshot::2	SUCCESS	engine/storage/snapshot
java.nio.file.Path::1	ENVIRONMENT_NOT_READY	unknown
java.nio.file.Path::2	SUCCESS	plugins/hypervisors/kvm
java.security.cert.X509Certificate::1	SUCCESS	plugins/ca/root-ca
java.sql.ResultSet::1	SUCCESS	engine/schema
java.sql.ResultSet::2	SUCCESS	engine/schema
java.util.ArrayList<com.cloud.domain.DomainVO>::1	SUCCESS	server
java.util.List<com.cloud.vm.snapshot.VMSnapshotVO>::1	SUCCESS	server
java.util.List<org.apache.cloudstack.network.BgpPeerVO>::1	SUCCESS	server
javax.xml.parsers.DocumentBuilderFactory::1	SUCCESS	plugins/network-elements/tungsten
net.juniper.tungsten.api.types.FirewallRule::1	SUCCESS	plugins/network-elements/tungsten
org.apache.cloudstack.acl.Role::1	SUCCESS	server
org.apache.cloudstack.acl.Role::2	SUCCESS	api
org.apache.cloudstack.acl.Role::3	SUCCESS	server
org.apache.cloudstack.acl.Role::4	SUCCESS	server
org.apache.cloudstack.affinity.dao.AffinityGroupVMMapDao::1	SUCCESS	plugins/affinity-group-processors/non-strict-host-affinity
org.apache.cloudstack.api.command.CancelMaintenanceCmd::1	SUCCESS	plugins/maintenance
org.apache.cloudstack.api.command.CancelShutdownCmd::1	SUCCESS	plugins/maintenance
org.apache.cloudstack.api.command.PrepareForMaintenanceCmd::1	SUCCESS	plugins/maintenance
org.apache.cloudstack.api.command.PrepareForMaintenanceCmd::2	SUCCESS	plugins/maintenance
org.apache.cloudstack.api.command.PrepareForShutdownCmd::1	SUCCESS	plugins/maintenance
org.apache.cloudstack.api.command.admin.backup.CloneBackupOfferingCmd::1	SUCCESS	server
org.apache.cloudstack.api.command.admin.gpu.CreateGpuDeviceCmd::1	SUCCESS	server
org.apache.cloudstack.api.command.admin.gpu.CreateGpuDeviceCmd::2	SUCCESS	server
org.apache.cloudstack.api.command.admin.gpu.DeleteGpuCardCmd::1	SUCCESS	server
org.apache.cloudstack.api.command.admin.gpu.DeleteVgpuProfileCmd::1	SUCCESS	server
org.apache.cloudstack.api.command.admin.gpu.DiscoverGpuDevicesCmd::1	SUCCESS	server
org.apache.cloudstack.api.command.admin.gpu.UnmanageGpuDeviceCmd::1	SUCCESS	server
org.apache.cloudstack.api.command.admin.gpu.UpdateGpuDeviceCmd::1	SUCCESS	server
org.apache.cloudstack.api.command.admin.gpu.UpdateVgpuProfileCmd::1	SUCCESS	server
org.apache.cloudstack.api.command.admin.guest.DeleteGuestOsCategoryCmd::1	SUCCESS	server
org.apache.cloudstack.api.command.admin.network.CreateNetworkCmdByAdmin::1	SUCCESS	server
org.apache.cloudstack.api.command.admin.network.ListGuestNetworkIpv6PrefixesCmd::1	SUCCESS	server
org.apache.cloudstack.api.command.admin.offering.CloneDiskOfferingCmd::1	SUCCESS	server
org.apache.cloudstack.api.command.admin.offering.CloneDiskOfferingCmd::2	SUCCESS	server
org.apache.cloudstack.api.command.admin.vm.ImportVmCmd::1	SUCCESS	server
org.apache.cloudstack.api.command.admin.vm.ListUnmanagedInstancesCmd::1	SUCCESS	server
org.apache.cloudstack.api.command.user.address.ListPublicIpAddressesCmd::1	SUCCESS	server
org.apache.cloudstack.api.command.user.backup.CreateBackupCmd::1	SUCCESS	server
org.apache.cloudstack.api.command.user.backup.CreateBackupOfferingCmd::1	SUCCESS	server
org.apache.cloudstack.api.command.user.bucket.CreateBucketCmd::1	SUCCESS	server
org.apache.cloudstack.api.command.user.dns.AddDnsServerCmd::1	SUCCESS	server
org.apache.cloudstack.api.command.user.dns.AssociateDnsZoneToNetworkCmd::1	SUCCESS	server
org.apache.cloudstack.api.command.user.dns.CreateDnsRecordCmd::1	SUCCESS	server
org.apache.cloudstack.api.command.user.dns.DeleteDnsRecordCmd::1	SUCCESS	server
org.apache.cloudstack.api.command.user.dns.DeleteDnsServerCmd::1	SUCCESS	server
org.apache.cloudstack.api.command.user.dns.ListDnsRecordsCmd::1	SUCCESS	server
org.apache.cloudstack.api.command.user.dns.UpdateDnsServerCmd::1	SUCCESS	server
org.apache.cloudstack.api.command.user.dns.UpdateDnsServerCmd::2	SUCCESS	server
org.apache.cloudstack.api.command.user.dns.UpdateDnsZoneCmd::1	SUCCESS	server
org.apache.cloudstack.api.command.user.guest.ListGuestOsCategoriesCmd::1	SUCCESS	server
org.apache.cloudstack.api.command.user.loadbalancer.AssignToLoadBalancerRuleCmd::1	SUCCESS	server
org.apache.cloudstack.api.command.user.network.CreateNetworkCmd::1	SUCCESS	server
org.apache.cloudstack.api.command.user.snapshot.ListSnapshotPoliciesCmd::1	SUCCESS	server
org.apache.cloudstack.api.command.user.storage.sharedfs.ChangeSharedFSServiceOfferingCmd::1	SUCCESS	server
org.apache.cloudstack.api.command.user.storage.sharedfs.DestroySharedFSCmd::1	SUCCESS	server
org.apache.cloudstack.api.command.user.template.UpdateTemplateCmd::1	SUCCESS	server
org.apache.cloudstack.api.command.user.userdata.LinkUserDataToTemplateCmd::1	SUCCESS	server
org.apache.cloudstack.api.command.user.userdata.LinkUserDataToTemplateCmd::2	SUCCESS	server
org.apache.cloudstack.api.command.user.userdata.RegisterUserDataCmd::1	SUCCESS	server
org.apache.cloudstack.api.command.user.vm.AddIpToVmNicCmd::1	SUCCESS	api
org.apache.cloudstack.api.command.user.vm.CreateVMFromBackupCmd::1	SUCCESS	server
org.apache.cloudstack.api.command.user.vm.CreateVMFromBackupCmd::2	SUCCESS	server
org.apache.cloudstack.api.command.user.vm.CreateVMFromBackupCmd::3	SUCCESS	server
org.apache.cloudstack.api.command.user.vm.ResetVMUserDataCmd::1	SUCCESS	server
org.apache.cloudstack.api.command.user.vpn.CreateVpnConnectionCmd::1	SUCCESS	server
org.apache.cloudstack.api.response.ClusterResponse::1	SUCCESS	api
org.apache.cloudstack.api.response.TemplateResponse::1	SUCCESS	server
org.apache.cloudstack.api.response.TemplateResponse::2	SUCCESS	server
org.apache.cloudstack.auth.UserTwoFactorAuthenticator::1	SUCCESS	server
org.apache.cloudstack.backup.Backup.VolumeInfo::1	SUCCESS	server
org.apache.cloudstack.backup.Backup.VolumeInfo::2	SUCCESS	server
org.apache.cloudstack.backup.BackupDetailVO::1	SUCCESS	server
org.apache.cloudstack.backup.InternalBackupJoinVO::1	SUCCESS	plugins/backup/kboss
org.apache.cloudstack.backup.InternalBackupJoinVO::2	SUCCESS	plugins/backup/kboss
org.apache.cloudstack.backup.InternalBackupJoinVO::3	SUCCESS	plugins/backup/kboss
org.apache.cloudstack.backup.InternalBackupJoinVO::4	SUCCESS	plugins/backup/kboss
org.apache.cloudstack.backup.InternalBackupJoinVO::5	SUCCESS	plugins/backup/kboss
org.apache.cloudstack.backup.InternalBackupStoragePoolVO::1	SUCCESS	server
org.apache.cloudstack.cloudian.client.CloudianUser::1	SUCCESS	plugins/storage/object/cloudian
org.apache.cloudstack.dns.vo.NicDnsJoinVO::1	SUCCESS	server
org.apache.cloudstack.dns.vo.NicDnsJoinVO::2	SUCCESS	server
org.apache.cloudstack.engine.subsystem.api.storage.DataMotionStrategy::1	SUCCESS	engine/storage
org.apache.cloudstack.engine.subsystem.api.storage.DataMotionStrategy::2	SUCCESS	engine/storage
org.apache.cloudstack.engine.subsystem.api.storage.DataStore::1	SUCCESS	engine/storage/image
org.apache.cloudstack.engine.subsystem.api.storage.DataStore::10	SUCCESS	engine/storage/datamotion
org.apache.cloudstack.engine.subsystem.api.storage.DataStore::11	SUCCESS	engine/storage/datamotion
org.apache.cloudstack.engine.subsystem.api.storage.DataStore::12	SUCCESS	plugins/storage/volume/linstor
org.apache.cloudstack.engine.subsystem.api.storage.DataStore::13	SUCCESS	plugins/storage/volume/linstor
org.apache.cloudstack.engine.subsystem.api.storage.DataStore::14	SUCCESS	plugins/storage/volume/scaleio
org.apache.cloudstack.engine.subsystem.api.storage.DataStore::15	SUCCESS	plugins/storage/volume/scaleio
org.apache.cloudstack.engine.subsystem.api.storage.DataStore::16	ENVIRONMENT_NOT_READY	unknown
org.apache.cloudstack.engine.subsystem.api.storage.DataStore::17	ENVIRONMENT_NOT_READY	unknown
org.apache.cloudstack.engine.subsystem.api.storage.DataStore::18	SUCCESS	server
org.apache.cloudstack.engine.subsystem.api.storage.DataStore::19	SUCCESS	engine/storage/snapshot
org.apache.cloudstack.engine.subsystem.api.storage.DataStore::2	SUCCESS	engine/storage/image
org.apache.cloudstack.engine.subsystem.api.storage.DataStore::3	SUCCESS	server
org.apache.cloudstack.engine.subsystem.api.storage.DataStore::4	SUCCESS	server
org.apache.cloudstack.engine.subsystem.api.storage.DataStore::5	SUCCESS	plugins/storage/volume/scaleio
org.apache.cloudstack.engine.subsystem.api.storage.DataStore::6	SUCCESS	engine/storage
org.apache.cloudstack.engine.subsystem.api.storage.DataStore::7	SUCCESS	server
org.apache.cloudstack.engine.subsystem.api.storage.DataStore::8	SUCCESS	engine/storage/datamotion
org.apache.cloudstack.engine.subsystem.api.storage.DataStore::9	SUCCESS	engine/storage/datamotion
org.apache.cloudstack.engine.subsystem.api.storage.DataStoreDriver::1	SUCCESS	server
org.apache.cloudstack.engine.subsystem.api.storage.EndPoint::1	SUCCESS	engine/storage/datamotion
org.apache.cloudstack.engine.subsystem.api.storage.EndPoint::2	SUCCESS	engine/storage/datamotion
org.apache.cloudstack.engine.subsystem.api.storage.EndPoint::3	SUCCESS	plugins/storage/volume/default
org.apache.cloudstack.engine.subsystem.api.storage.EndPoint::4	ENVIRONMENT_NOT_READY	unknown
org.apache.cloudstack.engine.subsystem.api.storage.EndPoint::5	SUCCESS	plugins/storage/volume/ontap
org.apache.cloudstack.engine.subsystem.api.storage.EndPoint::6	SUCCESS	plugins/storage/volume/ontap
org.apache.cloudstack.engine.subsystem.api.storage.PrimaryDataStore::1	SUCCESS	server
org.apache.cloudstack.engine.subsystem.api.storage.PrimaryDataStore::2	SUCCESS	engine/orchestration
org.apache.cloudstack.engine.subsystem.api.storage.PrimaryDataStore::3	SUCCESS	server
org.apache.cloudstack.engine.subsystem.api.storage.SnapshotInfo::1	SUCCESS	server
org.apache.cloudstack.engine.subsystem.api.storage.SnapshotInfo::2	SUCCESS	engine/storage/snapshot
org.apache.cloudstack.engine.subsystem.api.storage.SnapshotInfo::3	SUCCESS	plugins/storage/volume/linstor
org.apache.cloudstack.engine.subsystem.api.storage.SnapshotInfo::4	SUCCESS	engine/storage/snapshot
org.apache.cloudstack.engine.subsystem.api.storage.SnapshotInfo::5	SUCCESS	engine/storage/snapshot
org.apache.cloudstack.engine.subsystem.api.storage.SnapshotStrategy::1	SUCCESS	engine/storage
org.apache.cloudstack.engine.subsystem.api.storage.TemplateInfo::1	SUCCESS	engine/storage/datamotion
org.apache.cloudstack.extension.Extension::1	SUCCESS	server
org.apache.cloudstack.extension.Extension::10	SUCCESS	api
org.apache.cloudstack.extension.Extension::2	SUCCESS	server
org.apache.cloudstack.extension.Extension::3	SUCCESS	framework/extensions
org.apache.cloudstack.extension.Extension::4	SUCCESS	framework/extensions
org.apache.cloudstack.extension.Extension::5	SUCCESS	framework/extensions
org.apache.cloudstack.extension.Extension::6	SUCCESS	framework/extensions
org.apache.cloudstack.extension.Extension::7	SUCCESS	framework/extensions
org.apache.cloudstack.extension.Extension::8	SUCCESS	framework/extensions
org.apache.cloudstack.extension.Extension::9	SUCCESS	framework/extensions
org.apache.cloudstack.extension.ExtensionCustomAction::1	SUCCESS	framework/extensions
org.apache.cloudstack.extension.ExtensionCustomAction::2	SUCCESS	framework/extensions
org.apache.cloudstack.framework.config.ConfigKey<java.lang.Boolean>::1	SUCCESS	server
org.apache.cloudstack.framework.config.ConfigKey<java.lang.Boolean>::2	SUCCESS	server
org.apache.cloudstack.framework.config.ConfigKey<java.lang.Boolean>::3	SUCCESS	server
org.apache.cloudstack.framework.config.ConfigKey<java.lang.Boolean>::4	SUCCESS	server
org.apache.cloudstack.framework.config.dao.ConfigurationDao::1	SUCCESS	plugins/network-elements/tungsten
org.apache.cloudstack.framework.config.dao.ConfigurationDao::2	SUCCESS	framework/config
org.apache.cloudstack.framework.events.Event::1	SUCCESS	plugins/event-bus/inmemory
org.apache.cloudstack.framework.events.Event::2	SUCCESS	plugins/event-bus/webhook
org.apache.cloudstack.framework.events.Event::3	SUCCESS	plugins/event-bus/webhook
org.apache.cloudstack.framework.events.Event::4	SUCCESS	plugins/event-bus/webhook
org.apache.cloudstack.framework.events.Event::5	SUCCESS	plugins/event-bus/webhook
org.apache.cloudstack.framework.extensions.api.CreateExtensionCmd::1	SUCCESS	framework/extensions
org.apache.cloudstack.framework.extensions.api.DeleteCustomActionCmd::1	SUCCESS	framework/extensions
org.apache.cloudstack.framework.extensions.api.RegisterExtensionCmd::1	SUCCESS	framework/extensions
org.apache.cloudstack.framework.extensions.api.UnregisterExtensionCmd::1	SUCCESS	framework/extensions
org.apache.cloudstack.framework.extensions.api.UpdateExtensionCmd::1	SUCCESS	framework/extensions
org.apache.cloudstack.framework.extensions.api.UpdateExtensionCmd::2	SUCCESS	framework/extensions
org.apache.cloudstack.framework.extensions.manager.ExtensionsManager::1	SUCCESS	framework/extensions
org.apache.cloudstack.framework.extensions.manager.ExtensionsManager::2	SUCCESS	framework/extensions
org.apache.cloudstack.framework.extensions.vo.ExtensionCustomActionVO::1	SUCCESS	framework/extensions
org.apache.cloudstack.framework.extensions.vo.ExtensionCustomActionVO::2	SUCCESS	framework/extensions
org.apache.cloudstack.framework.extensions.vo.ExtensionCustomActionVO::3	SUCCESS	framework/extensions
org.apache.cloudstack.framework.extensions.vo.ExtensionCustomActionVO::4	SUCCESS	framework/extensions
org.apache.cloudstack.framework.extensions.vo.ExtensionVO::1	SUCCESS	framework/extensions
org.apache.cloudstack.framework.extensions.vo.ExtensionVO::2	SUCCESS	framework/extensions
org.apache.cloudstack.framework.extensions.vo.ExtensionVO::3	SUCCESS	framework/extensions
org.apache.cloudstack.framework.extensions.vo.ExtensionVO::4	SUCCESS	framework/extensions
org.apache.cloudstack.framework.extensions.vo.ExtensionVO::5	SUCCESS	framework/extensions
org.apache.cloudstack.framework.extensions.vo.ExtensionVO::6	SUCCESS	framework/extensions
org.apache.cloudstack.framework.jobs.AsyncJobExecutionContext::1	SUCCESS	engine/orchestration
org.apache.cloudstack.framework.kms.WrappedKey::1	SUCCESS	server
org.apache.cloudstack.kms.HSMProfileDetailsVO::1	SUCCESS	server
org.apache.cloudstack.kms.HSMProfileDetailsVO::2	SUCCESS	plugins/kms/pkcs11
org.apache.cloudstack.kms.KMSKekVersionVO::1	SUCCESS	server
org.apache.cloudstack.kms.KMSKekVersionVO::2	SUCCESS	server
org.apache.cloudstack.kms.KMSKekVersionVO::3	SUCCESS	server
org.apache.cloudstack.kms.KMSKey::1	SUCCESS	server
org.apache.cloudstack.mom.webhook.Webhook::1	SUCCESS	plugins/event-bus/webhook
org.apache.cloudstack.mom.webhook.Webhook::2	SUCCESS	plugins/event-bus/webhook
org.apache.cloudstack.mom.webhook.Webhook::3	SUCCESS	plugins/event-bus/webhook
org.apache.cloudstack.mom.webhook.WebhookFilter::1	SUCCESS	plugins/event-bus/webhook
org.apache.cloudstack.mom.webhook.api.command.user.CreateWebhookCmd::1	SUCCESS	plugins/event-bus/webhook
org.apache.cloudstack.mom.webhook.api.command.user.CreateWebhookCmd::2	SUCCESS	plugins/event-bus/webhook
org.apache.cloudstack.mom.webhook.api.command.user.DeleteWebhookFilterCmd::1	SUCCESS	plugins/event-bus/webhook
org.apache.cloudstack.mom.webhook.api.command.user.ListWebhookDeliveriesCmd::1	SUCCESS	plugins/event-bus/webhook
org.apache.cloudstack.mom.webhook.api.command.user.ListWebhookFiltersCmd::1	SUCCESS	plugins/event-bus/webhook
org.apache.cloudstack.mom.webhook.api.response.WebhookFilterResponse::1	SUCCESS	plugins/event-bus/webhook
org.apache.cloudstack.mom.webhook.vo.WebhookFilterVO::1	SUCCESS	plugins/event-bus/webhook
org.apache.cloudstack.mom.webhook.vo.WebhookFilterVO::2	SUCCESS	plugins/event-bus/webhook
org.apache.cloudstack.network.BgpPeerNetworkMapVO::1	SUCCESS	server
org.apache.cloudstack.network.BgpPeerNetworkMapVO::2	SUCCESS	server
org.apache.cloudstack.network.topology.NetworkTopology::1	SUCCESS	server
org.apache.cloudstack.network.tungsten.agent.api.TungstenAnswer::1	SUCCESS	plugins/network-elements/tungsten
org.apache.cloudstack.network.tungsten.agent.api.TungstenAnswer::2	SUCCESS	plugins/network-elements/tungsten
org.apache.cloudstack.network.tungsten.agent.api.TungstenAnswer::3	SUCCESS	plugins/network-elements/tungsten
org.apache.cloudstack.network.tungsten.agent.api.TungstenAnswer::4	SUCCESS	plugins/network-elements/tungsten
org.apache.cloudstack.network.tungsten.agent.api.TungstenCommand::1	SUCCESS	plugins/network-elements/tungsten
org.apache.cloudstack.network.tungsten.dao.TungstenFabricLBHealthMonitorVO::1	SUCCESS	plugins/network-elements/tungsten
org.apache.cloudstack.network.tungsten.dao.TungstenFabricLBHealthMonitorVO::2	SUCCESS	plugins/network-elements/tungsten
org.apache.cloudstack.network.tungsten.service.TungstenService::1	SUCCESS	plugins/network-elements/tungsten
org.apache.cloudstack.network.tungsten.service.TungstenService::2	SUCCESS	plugins/network-elements/tungsten
org.apache.cloudstack.schedule.ResourceScheduleVO::1	SUCCESS	server
org.apache.cloudstack.schedule.ResourceScheduleVO::2	SUCCESS	server
org.apache.cloudstack.schedule.ResourceScheduleVO::3	SUCCESS	server
org.apache.cloudstack.schedule.ResourceScheduleVO::4	SUCCESS	server
org.apache.cloudstack.schedule.ResourceScheduleVO::5	SUCCESS	server
org.apache.cloudstack.storage.command.CopyCommand::1	SUCCESS	plugins/hypervisors/xenserver
org.apache.cloudstack.storage.command.QuerySnapshotZoneCopyCommand::1	SUCCESS	unknown
org.apache.cloudstack.storage.datastore.db.ImageStoreVO::1	ENVIRONMENT_NOT_READY	unknown
org.apache.cloudstack.storage.datastore.db.ImageStoreVO::2	SUCCESS	framework/quota
org.apache.cloudstack.storage.datastore.db.ObjectStoreVO::1	SUCCESS	server
org.apache.cloudstack.storage.datastore.db.PrimaryDataStoreDao::1	FAILED_BEHAVIORAL_EQUIVALENCE	engine/storage/snapshot
org.apache.cloudstack.storage.datastore.db.PrimaryDataStoreDao::2	SUCCESS	engine/storage/datamotion
org.apache.cloudstack.storage.datastore.db.PrimaryDataStoreDao::3	SUCCESS	server
org.apache.cloudstack.storage.datastore.db.PrimaryDataStoreDao::4	SUCCESS	server
org.apache.cloudstack.storage.datastore.db.PrimaryDataStoreDao::5	FAILED_SYNTACTIC_VALIDITY	server
org.apache.cloudstack.storage.datastore.db.SnapshotDataStoreVO::1	SUCCESS	server
org.apache.cloudstack.storage.datastore.db.SnapshotDataStoreVO::2	SUCCESS	plugins/backup/kboss
org.apache.cloudstack.storage.datastore.db.SnapshotDataStoreVO::3	SUCCESS	framework/quota
org.apache.cloudstack.storage.datastore.db.SnapshotDataStoreVO::4	SUCCESS	framework/quota
org.apache.cloudstack.storage.datastore.db.SnapshotDataStoreVO::5	ENVIRONMENT_NOT_READY	unknown
org.apache.cloudstack.storage.datastore.db.SnapshotDataStoreVO::6	SUCCESS	engine/storage/snapshot
org.apache.cloudstack.storage.datastore.db.SnapshotDataStoreVO::7	SUCCESS	engine/storage/snapshot
org.apache.cloudstack.storage.datastore.db.SnapshotDataStoreVO::8	SUCCESS	engine/storage/snapshot
org.apache.cloudstack.storage.datastore.db.StoragePoolVO::1	SUCCESS	plugins/storage/volume/ontap
org.apache.cloudstack.storage.datastore.db.StoragePoolVO::10	SUCCESS	server
org.apache.cloudstack.storage.datastore.db.StoragePoolVO::11	SUCCESS	server
org.apache.cloudstack.storage.datastore.db.StoragePoolVO::12	SUCCESS	server
org.apache.cloudstack.storage.datastore.db.StoragePoolVO::13	SUCCESS	plugins/storage/volume/linstor
org.apache.cloudstack.storage.datastore.db.StoragePoolVO::14	SUCCESS	server
org.apache.cloudstack.storage.datastore.db.StoragePoolVO::15	SUCCESS	server
org.apache.cloudstack.storage.datastore.db.StoragePoolVO::16	SUCCESS	engine/schema
org.apache.cloudstack.storage.datastore.db.StoragePoolVO::17	SUCCESS	server
org.apache.cloudstack.storage.datastore.db.StoragePoolVO::18	SUCCESS	server
org.apache.cloudstack.storage.datastore.db.StoragePoolVO::19	SUCCESS	server
org.apache.cloudstack.storage.datastore.db.StoragePoolVO::2	SUCCESS	server
org.apache.cloudstack.storage.datastore.db.StoragePoolVO::20	SUCCESS	server
org.apache.cloudstack.storage.datastore.db.StoragePoolVO::21	SUCCESS	server
org.apache.cloudstack.storage.datastore.db.StoragePoolVO::22	SUCCESS	server
org.apache.cloudstack.storage.datastore.db.StoragePoolVO::23	SUCCESS	server
org.apache.cloudstack.storage.datastore.db.StoragePoolVO::24	SUCCESS	server
org.apache.cloudstack.storage.datastore.db.StoragePoolVO::25	SUCCESS	server
org.apache.cloudstack.storage.datastore.db.StoragePoolVO::26	SUCCESS	plugins/hypervisors/xenserver
org.apache.cloudstack.storage.datastore.db.StoragePoolVO::27	SUCCESS	plugins/integrations/veeam-control-service
org.apache.cloudstack.storage.datastore.db.StoragePoolVO::28	SUCCESS	engine/orchestration
org.apache.cloudstack.storage.datastore.db.StoragePoolVO::3	SUCCESS	server
org.apache.cloudstack.storage.datastore.db.StoragePoolVO::4	SUCCESS	server
org.apache.cloudstack.storage.datastore.db.StoragePoolVO::5	SUCCESS	framework/quota
org.apache.cloudstack.storage.datastore.db.StoragePoolVO::6	SUCCESS	engine/orchestration
org.apache.cloudstack.storage.datastore.db.StoragePoolVO::7	SUCCESS	engine/orchestration
org.apache.cloudstack.storage.datastore.db.StoragePoolVO::8	SUCCESS	server
org.apache.cloudstack.storage.datastore.db.StoragePoolVO::9	SUCCESS	plugins/backup/nas
org.apache.cloudstack.storage.datastore.db.TemplateDataStoreVO::1	ENVIRONMENT_NOT_READY	unknown
org.apache.cloudstack.storage.datastore.db.TemplateDataStoreVO::2	ENVIRONMENT_NOT_READY	unknown
org.apache.cloudstack.storage.feign.model.Aggregate::1	SUCCESS	plugins/storage/volume/ontap
org.apache.cloudstack.storage.feign.model.ExportPolicy::1	SUCCESS	plugins/storage/volume/ontap
org.apache.cloudstack.storage.service.model.AccessGroup::1	SUCCESS	plugins/storage/volume/ontap
org.apache.cloudstack.storage.service.model.AccessGroup::2	SUCCESS	plugins/storage/volume/ontap
org.apache.cloudstack.storage.service.model.AccessGroup::3	SUCCESS	plugins/storage/volume/ontap
org.apache.cloudstack.storage.service.model.CloudStackVolume::1	SUCCESS	plugins/storage/volume/ontap
org.apache.cloudstack.storage.service.model.CloudStackVolume::2	SUCCESS	plugins/storage/volume/ontap
org.apache.cloudstack.storage.sharedfs.SharedFS::1	SUCCESS	plugins/storage/sharedfs/storagevm
org.apache.cloudstack.storage.to.SnapshotObjectTO::1	FAILED_BEHAVIORAL_EQUIVALENCE	plugins/hypervisors/kvm
org.apache.cloudstack.storage.to.SnapshotObjectTO::2	SUCCESS	plugins/hypervisors/kvm
org.apache.cloudstack.storage.volume.VolumeObject::1	SUCCESS	plugins/storage/volume/ontap
org.apache.cloudstack.storage.volume.VolumeObject::2	SUCCESS	engine/storage/volume
org.apache.cloudstack.utils.qemu.QemuImg::1	ENVIRONMENT_NOT_READY	unknown
org.apache.cloudstack.utils.qemu.QemuImgFile::1	ENVIRONMENT_NOT_READY	unknown
org.apache.cloudstack.vm.UnmanagedInstanceTO::1	ENVIRONMENT_NOT_READY	unknown
org.libvirt.Connect::1	SUCCESS	plugins/hypervisors/kvm
streamer.Link::1	SUCCESS	services/console-proxy/rdpconsole
